Id,Date,TotalSteps,TotalDistance,TrackerDistance,LoggedActivitiesDistance,VeryActiveDistance,ModeratelyActiveDistance,LightActiveDistance,SedentaryActiveDistance,VeryActiveMinutes,FairlyActiveMinutes,LightlyActiveMinutes,SedentaryMinutes,Calories,Day of week,Activity level
1503960366,3/25/2016,11004,7.11,7.11,0.00,2.57,0.46,4.07,0.00,33,12,205,804,1819,Friday,High
1503960366,3/26/2016,17609,11.55,11.55,0.00,6.92,0.73,3.91,0.00,89,17,274,588,2154,Saturday,High
1503960366,3/27/2016,12736,8.53,8.53,0.00,4.66,0.16,3.71,0.00,56,5,268,605,1944,Sunday,High
1503960366,3/28/2016,13231,8.93,8.93,0.00,3.19,0.79,4.95,0.00,39,20,224,1080,1932,Monday,High
1503960366,3/29/2016,12041,7.85,7.85,0.00,2.16,1.09,4.61,0.00,28,28,243,763,1886,Tuesday,High
1503960366,3/30/2016,10970,7.16,7.16,0.00,2.36,0.51,4.29,0.00,30,13,223,1174,1820,Wednesday,High
1503960366,3/31/2016,12256,7.86,7.86,0.00,2.29,0.49,5.04,0.00,33,12,239,820,1889,Thursday,High
1503960366,1/04/2016,12262,7.87,7.87,0.00,3.32,0.83,3.64,0.00,47,21,200,866,1868,Monday,High
1503960366,2/04/2016,11248,7.25,7.25,0.00,3.00,0.45,3.74,0.00,40,11,244,636,1843,Thursday,High
1503960366,3/04/2016,10016,6.37,6.37,0.00,0.91,1.28,4.18,0.00,15,30,314,655,1850,Friday,High
1503960366,4/04/2016,14557,9.80,9.80,0.00,3.39,0.70,5.69,0.00,43,18,285,757,2030,Monday,High
1503960366,5/04/2016,14844,9.73,9.73,0.00,2.94,0.76,6.04,0.00,36,18,341,736,2083,Wednesday,High
1503960366,6/04/2016,11974,7.67,7.67,0.00,2.04,0.48,5.15,0.00,27,12,228,1173,1861,Saturday,High
1503960366,7/04/2016,10198,6.44,6.44,0.00,1.20,0.79,4.45,0.00,17,20,195,1208,1755,Monday,High
1503960366,8/04/2016,12521,7.94,7.94,0.00,3.31,0.90,3.74,0.00,46,22,212,1160,1895,Thursday,High
1503960366,9/04/2016,12432,8.10,8.10,0.00,2.59,0.59,4.92,0.00,32,15,248,738,1883,Sunday,High
1503960366,10/04/2016,10057,6.98,6.98,0.00,4.00,0.49,2.48,0.00,44,13,168,737,1755,Tuesday,High
1503960366,11/04/2016,10990,7.26,7.26,0.00,2.04,0.57,4.65,0.00,26,14,216,855,1811,Friday,High
1503960366,12/04/2016,224,0.14,0.14,0.00,0.00,0.00,0.13,0.00,0,0,9,32,50,Sunday,Low
1624580081,3/25/2016,1810,1.18,1.18,0.00,0.00,0.00,1.13,0.01,0,0,121,1319,1373,Friday,Low
1624580081,3/26/2016,815,0.53,0.53,0.00,0.00,0.00,0.53,0.00,0,0,47,1393,1264,Saturday,Low
1624580081,3/27/2016,1985,1.29,1.29,0.00,0.00,0.00,1.28,0.01,0,0,112,1328,1350,Sunday,Low
1624580081,3/28/2016,1905,1.24,1.24,0.00,0.00,0.00,1.24,0.00,0,0,95,1345,1342,Monday,Low
1624580081,3/29/2016,1552,1.01,1.01,0.00,0.00,0.00,1.00,0.00,0,0,66,1374,1300,Tuesday,Low
1624580081,3/30/2016,1675,1.09,1.09,0.00,0.00,0.00,1.09,0.00,0,0,84,1356,1313,Wednesday,Low
1624580081,3/31/2016,4506,2.93,2.93,0.00,0.51,0.27,2.15,0.01,7,4,144,1285,1498,Thursday,Low
1624580081,1/04/2016,9218,5.99,5.99,0.00,0.00,0.00,5.97,0.01,0,0,221,1219,1541,Monday,Moderate
1624580081,2/04/2016,1556,1.01,1.01,0.00,0.00,0.00,1.01,0.01,0,0,88,1352,1327,Thursday,Low
1624580081,3/04/2016,2910,1.89,1.89,0.00,0.00,0.00,1.88,0.01,0,0,157,1283,1452,Friday,Low
1624580081,4/04/2016,18464,12.00,12.00,0.00,0.00,0.00,12.00,0.00,0,0,270,1170,1574,Monday,High
1624580081,5/04/2016,1335,0.87,0.87,0.00,0.00,0.00,0.87,0.00,0,0,74,1366,1308,Wednesday,Low
1624580081,6/04/2016,1004,0.65,0.65,0.00,0.00,0.00,0.65,0.00,0,0,55,1385,1276,Saturday,Low
1624580081,7/04/2016,1111,0.72,0.72,0.00,0.00,0.00,0.72,0.00,0,0,54,1386,1278,Monday,Low
1624580081,8/04/2016,6344,4.12,4.12,0.00,0.00,0.00,4.10,0.00,0,0,143,1297,1409,Thursday,Moderate
1624580081,9/04/2016,3572,2.32,2.32,0.00,0.00,0.00,2.29,0.03,0,0,122,1318,1370,Sunday,Low
1624580081,10/04/2016,3910,2.54,2.54,0.00,0.47,0.25,1.81,0.01,7,7,186,1240,1555,Tuesday,Low
1624580081,11/04/2016,10000,6.50,6.50,0.00,0.00,0.00,6.50,0.00,0,0,172,1268,1469,Friday,High
1624580081,12/04/2016,6627,4.31,4.31,0.00,0.00,0.00,4.31,0.00,0,0,89,604,706,Sunday,Moderate
1644430081,1/04/2016,4636,3.41,3.41,0.00,0.00,0.78,2.60,0.03,0,16,586,838,3323,Monday,Low
1644430081,2/04/2016,20237,14.71,14.71,0.00,2.57,6.40,5.73,0.01,34,141,347,918,4029,Thursday,High
1644430081,3/04/2016,12912,9.41,9.41,0.00,4.83,0.77,3.79,0.03,59,16,283,1082,3436,Friday,High
1644430081,4/04/2016,2819,2.05,2.05,0.00,0.31,0.17,1.56,0.01,4,4,87,1345,2444,Monday,Low
1644430081,5/04/2016,9921,7.21,7.21,0.00,0.34,1.52,5.36,0.00,5,35,219,1181,3098,Wednesday,Moderate
1644430081,6/04/2016,8046,5.85,5.85,0.00,1.29,2.12,2.45,0.00,18,41,137,1244,2925,Saturday,Moderate
1644430081,7/04/2016,11166,8.12,8.12,0.00,0.21,2.41,5.50,0.00,3,58,230,1149,3202,Monday,High
1644430081,8/04/2016,7842,5.70,5.70,0.00,0.48,2.41,2.81,0.00,7,43,161,1229,2928,Thursday,Moderate
1644430081,9/04/2016,13840,10.06,10.06,0.00,1.31,3.72,5.03,0.00,18,81,192,1149,3290,Sunday,High
1644430081,10/04/2016,1329,0.97,0.97,0.00,0.00,0.00,0.97,0.00,0,0,35,207,489,Tuesday,Low
1844505072,1/04/2016,6847,4.53,4.53,0.00,0.61,0.37,3.55,0.00,9,9,251,1171,1969,Monday,Moderate
1844505072,2/04/2016,5367,3.55,3.55,0.00,0.00,0.00,3.55,0.00,0,0,263,1177,1889,Thursday,Moderate
1844505072,3/04/2016,2841,1.88,1.88,0.00,0.00,0.00,1.88,0.00,0,0,136,1114,1636,Friday,Low
1844505072,4/04/2016,0,0.00,0.00,0.00,0.00,0.00,0.00,0.00,0,0,0,669,1347,Monday,Low
1844505072,5/04/2016,0,0.00,0.00,0.00,0.00,0.00,0.00,0.00,0,0,0,1440,1347,Wednesday,Low
1844505072,6/04/2016,7,0.00,0.00,0.00,0.00,0.00,0.00,0.00,0,0,1,1439,1349,Saturday,Low
1844505072,7/04/2016,6344,4.19,4.19,0.00,0.00,0.00,4.19,0.00,0,0,290,1150,1965,Monday,Moderate
1844505072,8/04/2016,5316,3.51,3.51,0.00,0.00,0.00,3.51,0.00,0,0,221,1219,1824,Thursday,Moderate
1844505072,9/04/2016,4979,3.29,3.29,0.00,0.00,0.00,3.29,0.00,0,0,184,620,1807,Sunday,Low
1844505072,10/04/2016,6556,4.34,4.34,0.00,0.00,0.00,4.33,0.00,0,0,305,810,1971,Tuesday,Moderate
1844505072,11/04/2016,5430,3.59,3.59,0.00,0.00,0.00,3.59,0.00,0,0,251,1189,1888,Friday,Moderate
1844505072,12/04/2016,0,0.00,0.00,0.00,0.00,0.00,0.00,0.00,0,0,0,426,399,Sunday,Low
1927972279,1/04/2016,4317,2.99,2.99,0.00,0.00,0.37,2.62,0.00,0,11,192,854,2590,Monday,Low
1927972279,2/04/2016,5662,3.92,3.92,0.00,0.00,0.00,3.92,0.00,0,0,267,858,2783,Thursday,Moderate
1927972279,3/04/2016,3198,2.21,2.21,0.00,0.00,0.00,2.21,0.00,0,0,146,1183,2449,Friday,Low
1927972279,4/04/2016,2352,1.63,1.63,0.00,0.00,0.00,1.63,0.00,0,0,128,829,2380,Monday,Low
1927972279,5/04/2016,2234,1.55,1.55,0.00,0.00,0.00,1.55,0.00,0,0,108,912,2344,Wednesday,Low
1927972279,6/04/2016,1259,0.87,0.87,0.00,0.00,0.00,0.87,0.00,0,0,73,938,2202,Saturday,Low
1927972279,7/04/2016,768,0.53,0.53,0.00,0.00,0.00,0.53,0.00,0,0,43,1397,2130,Monday,Low
1927972279,8/04/2016,519,0.36,0.36,0.00,0.00,0.00,0.36,0.00,0,0,34,1406,2088,Thursday,Low
1927972279,9/04/2016,2523,1.75,1.75,0.00,0.00,0.37,1.38,0.00,0,9,134,1250,2443,Sunday,Low
1927972279,10/04/2016,2105,1.46,1.46,0.00,0.00,0.00,1.46,0.00,0,0,139,805,2442,Tuesday,Low
1927972279,11/04/2016,1209,0.84,0.84,0.00,0.00,0.00,0.84,0.00,0,0,73,842,2255,Friday,Low
1927972279,12/04/2016,24,0.02,0.02,0.00,0.00,0.00,0.02,0.00,0,0,3,161,942,Sunday,Low
2022484408,1/04/2016,13603,9.60,9.60,0.00,5.46,0.63,3.51,0.00,72,16,213,1139,2645,Monday,High
2022484408,2/04/2016,5477,3.84,3.84,0.00,0.00,0.00,3.84,0.00,0,0,237,1203,2040,Thursday,Moderate
2022484408,3/04/2016,11144,7.82,7.82,0.00,1.79,0.89,5.14,0.00,25,22,279,1114,2395,Friday,High
2022484408,4/04/2016,15313,11.00,11.00,0.00,5.02,1.29,4.69,0.00,62,19,233,1126,2581,Monday,High
2022484408,5/04/2016,10805,7.59,7.59,0.00,0.72,0.98,5.89,0.00,36,37,298,1069,2735,Wednesday,High
2022484408,6/04/2016,15392,10.93,10.93,0.00,3.43,1.75,5.75,0.00,47,42,258,1093,2733,Saturday,High
2022484408,7/04/2016,18247,13.83,13.83,0.00,7.11,2.21,4.51,0.00,72,62,252,1054,3021,Monday,High
2022484408,8/04/2016,13023,9.26,9.26,0.00,3.23,0.56,5.47,0.00,40,12,296,1092,2577,Thursday,High
2022484408,9/04/2016,16267,12.59,12.59,0.00,5.75,0.47,6.37,0.00,44,16,302,1078,2811,Sunday,High
2022484408,10/04/2016,10005,7.02,7.02,0.00,0.08,1.05,5.90,0.00,1,23,339,1077,2458,Tuesday,High
2022484408,11/04/2016,10106,7.09,7.09,0.00,1.21,0.56,5.33,0.00,41,16,272,1111,2568,Friday,High
2022484408,12/04/2016,6717,4.72,4.72,0.00,3.23,0.22,1.27,0.00,41,5,67,551,1140,Sunday,Moderate
2026352035,1/04/2016,2605,1.62,1.62,0.00,0.00,0.00,1.62,0.00,0,0,166,729,1407,Monday,Low
2026352035,2/04/2016,1229,0.76,0.76,0.00,0.00,0.00,0.76,0.00,0,0,69,795,1237,Thursday,Low
2026352035,3/04/2016,2308,1.43,1.43,0.00,0.00,0.00,1.43,0.00,0,0,115,720,1330,Friday,Low
2026352035,4/04/2016,6679,4.14,4.14,0.00,0.00,0.00,4.14,0.00,0,0,263,644,1583,Monday,Moderate
2026352035,5/04/2016,5645,3.50,3.50,0.00,0.00,0.00,3.50,0.00,0,0,248,621,1538,Wednesday,Moderate
2026352035,6/04/2016,3180,1.97,1.97,0.00,0.00,0.00,1.97,0.00,0,0,185,738,1421,Saturday,Low
2026352035,7/04/2016,2767,1.72,1.72,0.00,0.00,0.00,1.72,0.00,0,0,170,673,1392,Monday,Low
2026352035,8/04/2016,3762,2.33,2.33,0.00,0.00,0.00,2.33,0.00,0,0,173,719,1425,Thursday,Low
2026352035,9/04/2016,3098,1.92,1.92,0.00,0.00,0.00,1.92,0.00,0,0,185,700,1413,Sunday,Low
2026352035,10/04/2016,5142,3.19,3.19,0.00,0.00,0.00,3.19,0.00,0,0,230,654,1515,Tuesday,Moderate
2026352035,11/04/2016,3279,2.03,2.03,0.00,0.00,0.00,2.03,0.00,0,0,164,694,1405,Friday,Low
2026352035,12/04/2016,1019,0.63,0.63,0.00,0.00,0.00,0.63,0.00,0,0,64,223,600,Sunday,Low
2320127002,1/04/2016,0,0.00,0.00,0.00,0.00,0.00,0.00,0.00,0,0,0,1440,1324,Monday,Low
2320127002,2/04/2016,0,0.00,0.00,0.00,0.00,0.00,0.00,0.00,0,0,0,1440,1324,Thursday,Low
2320127002,3/04/2016,0,0.00,0.00,0.00,0.00,0.00,0.00,0.00,0,0,0,1440,1324,Friday,Low
2320127002,4/04/2016,0,0.00,0.00,0.00,0.00,0.00,0.00,0.00,0,0,0,1440,1324,Monday,Low
2320127002,5/04/2016,4931,3.32,3.32,0.00,0.00,0.00,3.32,0.00,0,0,175,1265,1708,Wednesday,Low
2320127002,6/04/2016,6999,4.72,4.72,0.00,0.00,0.00,4.72,0.00,0,0,320,1120,1950,Saturday,Moderate
2320127002,7/04/2016,1846,1.24,1.24,0.00,0.00,0.00,1.24,0.00,0,0,93,1347,1508,Monday,Low
2320127002,8/04/2016,3417,2.30,2.30,0.00,0.00,0.00,2.30,0.00,0,0,153,1287,1625,Thursday,Low
2320127002,9/04/2016,4863,3.28,3.28,0.00,0.06,0.42,2.80,0.00,1,11,208,1220,1772,Sunday,Low
2320127002,10/04/2016,2277,1.53,1.53,0.00,0.00,0.00,1.53,0.00,0,0,103,1337,1530,Tuesday,Low
2320127002,11/04/2016,11230,7.67,7.67,0.00,0.89,0.12,6.66,0.00,10,2,390,1038,2206,Friday,High
2320127002,12/04/2016,2098,1.41,1.41,0.00,0.00,0.00,1.41,0.00,0,0,69,617,790,Sunday,Low
2347167796,3/29/2016,10272,6.79,6.79,0.00,0.16,3.12,3.50,0.00,2,58,208,700,2041,Tuesday,High
2347167796,3/30/2016,10533,7.10,7.10,0.00,1.77,2.06,3.27,0.00,21,35,255,615,2187,Wednesday,High
2347167796,3/31/2016,6760,4.47,4.47,0.00,0.00,0.00,4.47,0.00,0,0,250,613,1929,Thursday,Moderate
2347167796,1/04/2016,8328,5.51,5.51,0.00,0.00,2.00,3.50,0.00,0,33,212,804,1935,Monday,Moderate
2347167796,2/04/2016,15459,10.22,10.22,0.00,3.59,0.81,5.82,0.00,51,16,327,583,2438,Thursday,High
2347167796,3/04/2016,7485,4.95,4.95,0.00,0.00,0.00,4.95,0.00,0,0,324,491,2035,Friday,Moderate
2347167796,4/04/2016,10254,6.80,6.80,0.00,1.42,1.23,4.16,0.00,21,25,231,638,2099,Monday,High
2347167796,5/04/2016,10114,6.82,6.82,0.00,1.64,0.48,4.68,0.00,18,9,269,696,2096,Wednesday,High
2347167796,6/04/2016,11107,7.34,7.34,0.00,0.90,2.76,3.68,0.00,14,46,196,759,2058,Saturday,High
2347167796,7/04/2016,10320,6.85,6.85,0.00,0.68,1.23,4.94,0.00,15,32,315,1002,2338,Monday,High
2347167796,8/04/2016,10209,6.75,6.75,0.00,0.16,0.35,6.23,0.00,2,6,316,711,2104,Thursday,High
2347167796,9/04/2016,16081,10.63,10.63,0.00,1.25,1.82,7.56,0.00,16,32,401,970,2488,Sunday,High
2347167796,10/04/2016,10078,6.83,6.83,0.00,1.02,0.12,5.69,0.00,12,3,303,463,2164,Tuesday,High
2347167796,11/04/2016,10001,6.61,6.61,0.00,0.33,2.93,3.36,0.00,5,52,196,788,2009,Friday,High
2347167796,12/04/2016,0,0.00,0.00,0.00,0.00,0.00,0.00,0.00,0,0,0,425,399,Sunday,Low
2873212765,1/04/2016,890,0.60,0.60,0.00,0.00,0.00,0.60,0.00,0,0,41,1399,1335,Monday,Low
2873212765,2/04/2016,2214,1.49,1.49,0.00,0.00,0.00,1.49,0.00,0,0,197,1243,1559,Thursday,Low
2873212765,3/04/2016,7640,5.13,5.13,0.00,0.19,0.80,4.15,0.00,3,15,315,1107,1845,Friday,Moderate
2873212765,4/04/2016,9713,6.53,6.53,0.00,0.34,0.89,5.29,0.00,6,24,355,1055,2046,Monday,Moderate
2873212765,5/04/2016,8432,5.67,5.67,0.00,0.00,0.00,5.65,0.01,0,0,374,1066,1953,Wednesday,Moderate
2873212765,6/04/2016,7350,4.94,4.94,0.00,0.00,0.00,4.94,0.00,0,0,382,1058,1910,Saturday,Moderate
2873212765,7/04/2016,9353,6.31,6.31,0.00,0.37,0.69,5.24,0.00,5,17,363,1055,2035,Monday,Moderate
2873212765,8/04/2016,7157,4.81,4.81,0.00,0.00,0.00,4.81,0.00,0,0,380,1060,1944,Thursday,Moderate
2873212765,9/04/2016,14103,9.56,9.56,0.00,3.02,0.41,6.14,0.01,46,8,288,1098,2257,Sunday,High
2873212765,10/04/2016,5290,3.55,3.55,0.00,0.04,0.34,3.17,0.00,1,8,251,1180,1724,Tuesday,Moderate
2873212765,11/04/2016,7497,5.04,5.04,0.00,0.00,0.00,5.04,0.00,0,0,357,882,1741,Friday,Moderate
2873212765,12/04/2016,0,0.00,0.00,0.00,0.00,0.00,0.00,0.00,0,0,0,1440,0,Sunday,Low
2891001357,3/29/2016,0,0.00,0.00,0.00,0.00,0.00,0.00,0.00,0,0,0,1440,1920,Tuesday,Low
2891001357,3/30/2016,0,0.00,0.00,0.00,0.00,0.00,0.00,0.00,0,0,0,1440,1920,Wednesday,Low
2891001357,3/31/2016,0,0.00,0.00,0.00,0.00,0.00,0.00,0.00,0,0,0,1440,1920,Thursday,Low
2891001357,1/04/2016,0,0.00,0.00,4.83,0.00,0.00,0.00,0.00,0,660,0,780,4562,Monday,Low
2891001357,2/04/2016,4126,3.22,0.00,3.22,0.00,0.00,3.22,0.00,0,0,720,720,2881,Thursday,Low
2891001357,3/04/2016,0,0.00,0.00,0.00,0.00,0.00,0.00,0.00,0,0,0,1440,1920,Friday,Low
2891001357,4/04/2016,0,0.00,0.00,0.00,0.00,0.00,0.00,0.00,0,0,0,1440,1920,Monday,Low
2891001357,5/04/2016,2063,1.61,0.00,1.61,0.00,0.00,1.61,0.00,0,0,630,99,1144,Wednesday,Low
3372868164,1/04/2016,5785,3.95,3.95,0.00,0.00,0.00,3.91,0.04,0,0,311,1129,1852,Monday,Moderate
3372868164,2/04/2016,7625,5.23,5.23,0.00,1.68,0.04,3.50,0.01,24,1,341,1074,2069,Thursday,Moderate
3372868164,3/04/2016,4706,3.21,3.21,0.00,0.00,0.00,3.21,0.00,0,0,299,1141,1816,Friday,Low
3372868164,4/04/2016,5861,4.02,4.02,0.00,1.30,0.22,2.49,0.01,20,7,233,1180,1878,Monday,Moderate
3372868164,5/04/2016,4460,3.04,3.04,0.00,0.00,0.00,3.02,0.03,0,0,248,1192,1787,Wednesday,Low
3372868164,6/04/2016,6406,4.39,4.39,0.00,0.78,0.09,3.52,0.01,17,4,325,1094,2010,Saturday,Moderate
3372868164,7/04/2016,7392,5.10,5.10,0.00,0.87,0.16,4.05,0.02,14,9,332,1085,2038,Monday,Moderate
3372868164,8/04/2016,5551,3.79,3.79,0.00,0.00,0.00,3.77,0.01,0,0,282,1158,1815,Thursday,Moderate
3372868164,9/04/2016,8827,6.25,6.25,0.00,1.77,0.48,4.00,0.01,21,10,346,1063,2062,Sunday,Moderate
3372868164,10/04/2016,4662,3.18,3.18,0.00,1.04,0.15,1.99,0.00,22,4,152,735,1276,Tuesday,Low
3977333714,1/04/2016,4499,3.01,3.01,0.00,0.00,0.00,3.01,0.00,0,0,168,842,1288,Monday,Low
3977333714,2/04/2016,7618,5.10,5.10,0.00,0.00,0.18,4.91,0.00,0,6,302,842,1490,Thursday,Moderate
3977333714,3/04/2016,11508,7.70,7.70,0.00,2.17,0.84,4.69,0.00,29,22,282,748,1630,Friday,High
3977333714,4/04/2016,11943,7.99,7.99,0.00,1.03,2.01,4.95,0.00,16,43,297,710,1648,Monday,High
3977333714,5/04/2016,12303,8.23,8.23,0.00,1.71,1.35,5.17,0.00,26,32,291,605,1649,Wednesday,High
3977333714,6/04/2016,15425,10.32,10.32,0.00,1.62,1.82,6.87,0.00,24,45,331,614,1783,Saturday,High
3977333714,7/04/2016,8422,5.63,5.63,0.00,0.00,3.60,2.04,0.00,0,81,139,815,1431,Monday,Moderate
3977333714,8/04/2016,10226,6.84,6.84,0.00,0.00,4.44,2.40,0.00,0,101,174,685,1524,Thursday,High
3977333714,9/04/2016,14583,9.76,9.76,0.00,2.48,1.74,5.53,0.00,35,36,254,697,1697,Sunday,High
3977333714,10/04/2016,3573,2.39,2.39,0.00,0.94,0.41,0.97,0.00,15,8,99,866,1232,Tuesday,Low
3977333714,11/04/2016,3108,2.14,2.14,0.00,0.07,0.04,1.96,0.00,1,1,129,894,1223,Friday,Low
3977333714,12/04/2016,759,0.57,0.57,0.00,0.00,0.00,0.57,0.00,0,0,17,187,182,Sunday,Low
4020332650,12/03/2016,5543,3.97,3.97,0.00,0.00,0.00,3.96,0.01,0,0,254,757,2990,Saturday,Moderate
4020332650,3/13/2016,3226,2.31,2.31,0.00,0.00,0.00,2.28,0.00,0,0,136,771,2480,Sunday,Low
4020332650,3/14/2016,3023,2.17,2.17,0.00,0.00,0.00,2.14,0.00,0,0,145,1005,2570,Monday,Low
4020332650,3/15/2016,5906,4.23,4.23,0.00,0.00,0.16,4.04,0.00,0,10,215,874,3016,Tuesday,Moderate
4020332650,3/16/2016,12483,8.99,8.99,0.00,1.45,0.57,6.90,0.00,25,14,309,599,3830,Wednesday,High
4020332650,3/17/2016,8940,6.41,6.41,0.00,0.00,0.00,0.61,0.04,0,0,47,986,3706,Thursday,Moderate
4020332650,3/18/2016,368,0.26,0.26,0.00,0.00,0.00,0.00,0.00,0,0,0,1440,2024,Friday,Low
4020332650,3/19/2016,5702,4.09,4.09,0.00,0.00,0.00,0.00,0.00,0,0,0,1440,2980,Saturday,Moderate
4020332650,3/20/2016,10330,7.41,7.41,0.00,0.00,0.00,0.00,0.00,0,0,0,1440,3728,Sunday,High
4020332650,3/21/2016,8778,6.29,6.29,0.00,0.00,0.00,0.00,0.00,0,0,0,1440,3348,Monday,Moderate
4020332650,3/22/2016,6662,4.78,4.78,0.00,0.00,0.00,0.00,0.00,0,0,0,1440,3162,Tuesday,Moderate
4020332650,3/23/2016,6309,4.52,4.52,0.00,0.00,0.00,0.00,0.00,0,0,0,1440,3140,Wednesday,Moderate
4020332650,3/24/2016,1951,1.41,1.41,0.00,0.00,0.00,0.00,0.00,0,0,0,1440,1980,Thursday,Low
4020332650,3/25/2016,5563,3.99,3.99,0.00,0.00,0.00,0.00,0.00,0,0,0,1440,3681,Friday,Moderate
4020332650,3/26/2016,4370,3.13,3.13,0.00,0.00,0.00,0.00,0.00,0,0,0,1440,3444,Saturday,Low
4020332650,3/27/2016,7144,5.12,5.12,0.00,0.00,0.00,0.00,0.00,0,0,0,1440,3510,Sunday,Moderate
4020332650,3/28/2016,2106,1.51,1.51,0.00,0.02,0.05,0.21,0.00,31,45,75,1289,4010,Monday,Low
4020332650,3/29/2016,4152,2.98,2.98,0.00,0.00,0.00,2.96,0.00,0,0,187,1253,2976,Tuesday,Low
4020332650,3/30/2016,5400,3.87,3.87,0.00,0.00,0.00,3.85,0.00,0,0,258,795,3418,Wednesday,Moderate
4020332650,3/31/2016,7428,5.33,5.33,0.00,0.87,0.92,3.51,0.00,18,33,261,860,3439,Thursday,Moderate
4020332650,1/04/2016,5351,3.84,3.84,0.00,0.62,0.18,3.01,0.00,15,17,210,748,3338,Monday,Moderate
4020332650,2/04/2016,4299,3.10,3.10,0.00,0.09,0.21,2.74,0.04,3,15,162,752,2892,Thursday,Low
4020332650,3/04/2016,6107,4.38,4.38,0.00,0.00,0.00,4.36,0.00,0,0,265,776,3313,Friday,Moderate
4020332650,4/04/2016,6429,4.60,4.60,0.00,0.00,0.95,3.65,0.00,0,28,193,741,3118,Monday,Moderate
4020332650,5/04/2016,6880,4.93,4.93,0.00,0.50,0.76,3.65,0.00,7,19,165,1249,2966,Wednesday,Moderate
4020332650,6/04/2016,7476,5.36,5.36,0.00,0.00,0.00,5.31,0.00,0,0,263,920,3253,Saturday,Moderate
4020332650,7/04/2016,6581,4.72,4.72,0.00,0.00,0.29,4.39,0.00,0,8,241,1191,3032,Monday,Moderate
4020332650,8/04/2016,10480,7.51,7.51,0.00,0.41,1.47,5.01,0.04,6,37,272,1125,4034,Thursday,High
4020332650,9/04/2016,7734,5.55,5.55,0.00,1.16,0.49,3.82,0.06,20,12,223,1185,3264,Sunday,Moderate
4020332650,10/04/2016,5129,3.68,3.68,0.00,0.18,0.24,3.21,0.01,5,7,176,1178,2817,Tuesday,Moderate
4020332650,11/04/2016,2993,2.15,2.15,0.00,0.00,0.00,2.09,0.00,0,0,114,888,2507,Friday,Low
4020332650,12/04/2016,8,0.01,0.01,0.00,0.00,0.00,0.01,0.00,0,0,1,321,446,Sunday,Low
4057192912,12/03/2016,0,0.00,0.00,0.00,0.00,0.00,0.00,0.00,0,0,0,1440,1777,Saturday,Low
4057192912,3/13/2016,0,0.00,0.00,0.00,0.00,0.00,0.00,0.00,0,0,0,1440,1777,Sunday,Low
4057192912,3/14/2016,8433,6.23,6.23,0.00,2.45,0.33,3.44,0.00,30,7,135,1268,2453,Monday,Moderate
4057192912,3/15/2016,0,0.00,0.00,0.00,0.00,0.00,0.00,0.00,0,0,0,1440,1776,Tuesday,Low
4057192912,3/16/2016,2139,1.56,1.56,0.00,0.00,1.30,0.26,0.00,0,28,15,1397,1935,Wednesday,Low
4057192912,3/17/2016,0,0.00,0.00,0.00,0.00,0.00,0.00,0.00,0,0,0,1440,1776,Thursday,Low
4057192912,3/18/2016,949,0.69,0.69,0.00,0.00,0.00,0.69,0.00,0,0,34,1406,1870,Friday,Low
4057192912,3/19/2016,0,0.00,0.00,0.00,0.00,0.00,0.00,0.00,0,0,0,1440,1777,Saturday,Low
4057192912,3/20/2016,44,0.03,0.03,0.00,0.00,0.00,0.03,0.00,0,0,2,1438,1782,Sunday,Low
4057192912,3/21/2016,2660,1.94,1.94,0.00,0.00,0.00,1.94,0.00,0,0,46,1394,1978,Monday,Low
4057192912,3/22/2016,5561,4.19,4.19,0.00,0.00,0.00,4.07,0.00,0,0,169,1271,2296,Tuesday,Moderate
4057192912,3/23/2016,7239,5.34,5.34,0.00,0.55,0.36,4.38,0.00,7,7,190,1236,2484,Wednesday,Moderate
4057192912,3/24/2016,7,0.01,0.01,0.00,0.00,0.00,0.01,0.00,0,0,1,1439,1787,Thursday,Low
4057192912,3/25/2016,0,0.00,0.00,0.00,0.00,0.00,0.00,0.00,0,0,0,1440,1776,Friday,Low
4057192912,3/26/2016,0,0.00,0.00,0.00,0.00,0.00,0.00,0.00,0,0,0,1440,1776,Saturday,Low
4057192912,3/27/2016,2275,1.68,1.68,0.00,0.00,0.00,1.66,0.00,0,0,86,1354,2005,Sunday,Low
4057192912,3/28/2016,8,0.01,0.01,0.00,0.00,0.00,0.01,0.00,0,0,1,1439,1778,Monday,Low
4057192912,3/29/2016,5137,3.76,3.76,0.00,0.00,0.00,3.76,0.00,0,0,160,1280,2293,Tuesday,Moderate
4057192912,3/30/2016,5419,4.00,4.57,0.06,0.00,0.00,3.91,0.06,0,0,145,1295,2259,Wednesday,Moderate
4057192912,3/31/2016,0,0.00,0.00,0.00,0.00,0.00,0.00,0.00,0,0,0,1440,1776,Thursday,Low
4057192912,1/04/2016,0,0.00,0.00,0.00,0.00,0.00,0.00,0.00,0,0,0,1440,1776,Monday,Low
4057192912,2/04/2016,0,0.00,0.00,0.00,0.00,0.00,0.00,0.00,0,0,0,1440,1776,Thursday,Low
4057192912,3/04/2016,0,0.00,0.00,0.00,0.00,0.00,0.00,0.00,0,0,0,1440,1776,Friday,Low
4057192912,4/04/2016,0,0.00,0.00,0.00,0.00,0.00,0.00,0.00,0,0,0,1440,1776,Monday,Low
4057192912,5/04/2016,0,0.00,0.00,0.00,0.00,0.00,0.00,0.00,0,0,0,1440,1776,Wednesday,Low
4057192912,6/04/2016,18,0.01,0.01,0.00,0.00,0.00,0.01,0.00,0,0,2,1438,1780,Saturday,Low
4057192912,7/04/2016,4,0.00,0.00,0.00,0.00,0.00,0.00,0.00,0,0,1,1439,1778,Monday,Low
4057192912,8/04/2016,8426,6.16,6.16,0.00,0.13,5.49,0.54,0.00,2,120,25,1293,2360,Thursday,Moderate
4057192912,9/04/2016,1650,1.21,1.21,0.00,0.00,0.00,1.21,0.00,0,0,60,1380,1952,Sunday,Low
4057192912,10/04/2016,3434,2.51,2.51,0.00,0.07,0.30,2.14,0.00,1,7,108,1324,2101,Tuesday,Low
4057192912,11/04/2016,6801,4.98,4.98,0.00,0.00,0.00,4.97,0.00,0,0,193,1247,2393,Friday,Moderate
4057192912,12/04/2016,187,0.14,0.14,0.00,0.00,0.00,0.14,0.00,0,0,11,400,538,Sunday,Low
4319703577,3/29/2016,5643,3.79,3.79,0.00,0.23,0.33,3.23,0.00,3,8,199,683,1958,Tuesday,Moderate
4319703577,3/30/2016,9043,6.07,6.07,0.00,0.25,0.43,5.37,0.00,4,12,244,702,2141,Wednesday,Moderate
4319703577,3/31/2016,8144,5.46,5.46,0.00,0.25,0.61,4.61,0.00,4,17,247,1125,2129,Thursday,Moderate
4319703577,1/04/2016,9343,6.27,6.27,0.00,0.96,0.85,4.46,0.00,14,20,268,654,2216,Monday,Moderate
4319703577,2/04/2016,8405,5.66,5.66,0.00,1.13,0.19,4.34,0.00,15,4,257,621,2154,Thursday,Moderate
4319703577,3/04/2016,8223,5.52,5.52,0.00,0.80,1.51,3.21,0.00,12,37,257,551,2178,Friday,Moderate
4319703577,4/04/2016,10067,6.76,6.76,0.00,0.36,1.42,4.97,0.00,5,39,313,578,2308,Monday,High
4319703577,5/04/2016,8359,5.63,5.63,0.00,0.23,0.53,4.87,0.00,3,14,311,638,2201,Wednesday,Moderate
4319703577,6/04/2016,10946,7.35,7.35,0.00,0.54,2.09,4.72,0.00,8,51,308,569,2341,Saturday,High
4319703577,7/04/2016,9130,6.15,6.15,0.00,0.50,0.38,5.27,0.00,7,11,304,668,2236,Monday,Moderate
4319703577,8/04/2016,6544,4.41,4.41,0.00,0.29,0.26,3.86,0.00,4,6,276,1132,2069,Thursday,Moderate
4319703577,9/04/2016,0,0.00,0.00,0.00,0.00,0.00,0.00,0.00,0,0,0,1440,0,Sunday,Low
4388161847,3/29/2016,0,0.00,0.00,0.00,0.00,0.00,0.00,0.00,0,0,0,1440,1878,Tuesday,Low
4388161847,3/30/2016,0,0.00,0.00,0.00,0.00,0.00,0.00,0.00,0,0,0,1440,1878,Wednesday,Low
4388161847,3/31/2016,0,0.00,0.00,0.00,0.00,0.00,0.00,0.00,0,0,0,1440,1878,Thursday,Low
4388161847,1/04/2016,0,0.00,0.00,0.00,0.00,0.00,0.00,0.00,0,0,0,1440,1878,Monday,Low
4388161847,2/04/2016,0,0.00,0.00,0.00,0.00,0.00,0.00,0.00,0,0,0,1440,1878,Thursday,Low
4388161847,3/04/2016,0,0.00,0.00,0.00,0.00,0.00,0.00,0.00,0,0,0,1440,1878,Friday,Low
4388161847,4/04/2016,0,0.00,0.00,0.00,0.00,0.00,0.00,0.00,0,0,0,1440,1878,Monday,Low
4388161847,5/04/2016,0,0.00,0.00,0.00,0.00,0.00,0.00,0.00,0,0,0,994,1296,Wednesday,Low
4445114986,3/29/2016,2303,1.55,1.55,0.00,0.00,0.00,1.55,0.00,0,0,155,807,2010,Tuesday,Low
4445114986,3/30/2016,2600,1.74,1.74,0.00,0.00,0.00,1.74,0.00,0,0,163,1277,2032,Wednesday,Low
4445114986,3/31/2016,4804,3.22,3.22,0.00,0.00,0.00,3.22,0.00,0,0,238,786,2227,Thursday,Low
4445114986,1/04/2016,3271,2.19,2.19,0.00,0.00,0.00,2.19,0.00,0,0,205,898,2133,Monday,Low
4445114986,2/04/2016,5406,3.63,3.63,0.00,0.00,0.00,3.61,0.00,0,0,273,672,2317,Thursday,Moderate
4445114986,3/04/2016,3146,2.11,2.11,0.00,0.00,0.00,2.11,0.00,0,0,171,1269,2058,Friday,Low
4445114986,4/04/2016,2422,1.63,1.63,0.00,0.00,0.00,1.63,0.00,0,0,110,1330,1935,Monday,Low
4445114986,5/04/2016,4239,2.84,2.84,0.00,0.06,0.24,2.53,0.00,1,6,235,702,2217,Wednesday,Low
4445114986,6/04/2016,6911,4.78,4.78,0.00,2.32,0.10,2.36,0.00,28,2,215,745,2374,Saturday,Moderate
4445114986,7/04/2016,6667,4.61,4.61,0.00,2.02,0.05,2.55,0.00,24,1,208,939,2335,Monday,Moderate
4445114986,8/04/2016,5543,3.72,3.72,0.00,0.00,0.00,3.72,0.00,0,0,266,941,2303,Thursday,Moderate
4445114986,9/04/2016,4195,2.81,2.81,0.00,0.00,0.00,2.81,0.00,0,0,239,758,2210,Sunday,Low
4445114986,10/04/2016,6625,4.45,4.45,0.00,0.00,0.00,4.45,0.00,0,0,316,755,2424,Tuesday,Moderate
4445114986,11/04/2016,5986,4.13,4.13,0.00,1.95,0.23,1.95,0.00,23,5,195,789,2297,Friday,Moderate
4445114986,12/04/2016,278,0.19,0.19,0.00,0.00,0.00,0.19,0.00,0,0,20,253,745,Sunday,Low
4558609924,1/04/2016,5336,3.53,3.53,0.00,0.00,0.00,3.53,0.00,0,0,258,1182,1902,Monday,Moderate
4558609924,2/04/2016,3183,2.10,2.10,0.00,0.00,0.00,2.10,0.00,0,0,173,1180,1680,Thursday,Low
4558609924,3/04/2016,6176,4.08,4.08,0.00,0.07,0.26,3.75,0.00,1,7,269,886,1901,Friday,Moderate
4558609924,4/04/2016,8205,5.42,5.42,0.00,0.00,0.00,5.42,0.00,0,0,367,1073,2078,Monday,Moderate
4558609924,5/04/2016,6799,4.49,4.49,0.00,1.59,0.86,2.04,0.00,24,14,185,1217,1876,Wednesday,Moderate
4558609924,6/04/2016,5668,3.75,3.75,0.00,0.00,0.00,3.75,0.00,0,0,259,1181,1853,Saturday,Moderate
4558609924,7/04/2016,7998,5.29,5.29,0.00,0.51,0.25,4.53,0.00,27,12,296,1105,2235,Monday,Moderate
4558609924,8/04/2016,4195,2.77,2.77,0.00,0.00,0.00,2.77,0.00,0,0,241,1199,1778,Thursday,Low
4558609924,9/04/2016,5512,3.64,3.64,0.00,0.00,0.00,3.64,0.00,0,0,276,1164,1882,Sunday,Moderate
4558609924,10/04/2016,6263,4.14,4.14,0.00,0.00,0.00,4.13,0.00,0,0,290,1150,1906,Tuesday,Moderate
4558609924,11/04/2016,8828,5.84,5.84,0.00,0.00,0.00,5.84,0.00,0,0,308,1132,2149,Friday,Moderate
4558609924,12/04/2016,1260,0.83,0.83,0.00,0.00,0.00,0.82,0.00,0,0,76,555,722,Sunday,Low
4702921684,3/29/2016,6506,5.28,5.28,0.00,0.33,0.27,4.67,0.00,4,5,241,760,2886,Wednesday,Moderate
4702921684,3/30/2016,7583,6.15,6.15,0.00,0.25,0.55,5.35,0.00,3,13,227,742,2915,Thursday,Moderate
4702921684,3/31/2016,6963,5.65,5.65,0.00,0.00,0.00,5.65,0.00,0,0,256,759,2895,Thursday,Moderate
4702921684,1/04/2016,7165,5.81,5.81,0.00,0.00,0.37,5.44,0.00,0,9,248,708,2923,Monday,Moderate
4702921684,2/04/2016,10328,8.38,8.38,0.00,0.00,1.46,6.92,0.00,0,32,367,475,3323,Thursday,High
4702921684,3/04/2016,12116,9.83,9.83,0.00,0.25,2.85,6.72,0.00,3,57,323,471,3357,Friday,High
4702921684,4/04/2016,7810,6.36,6.36,0.00,0.48,1.20,4.68,0.00,6,27,216,746,2931,Monday,Moderate
4702921684,5/04/2016,6670,5.41,5.41,0.00,1.24,0.80,3.37,0.00,15,16,199,770,2848,Wednesday,Moderate
4702921684,6/04/2016,7605,6.18,6.18,0.00,0.33,0.21,5.63,0.00,4,4,248,708,2943,Saturday,Moderate
4702921684,7/04/2016,6585,5.34,5.34,0.00,0.00,0.00,5.34,0.00,0,0,210,770,2822,Monday,Moderate
4702921684,8/04/2016,8184,6.64,6.64,0.00,0.00,0.62,5.95,0.00,0,15,247,808,2981,Thursday,Moderate
4702921684,9/04/2016,14002,11.36,11.36,0.00,0.61,2.68,8.06,0.00,8,56,381,407,3597,Sunday,High
4702921684,10/04/2016,11135,9.03,9.03,0.00,0.08,1.16,7.79,0.00,1,25,331,528,3224,Tuesday,High
4702921684,11/04/2016,6499,5.27,5.27,0.00,0.00,0.00,5.27,0.00,0,0,207,809,2677,Friday,Moderate
4702921684,12/04/2016,0,0.00,0.00,0.00,0.00,0.00,0.00,0.00,0,0,0,1440,0,Sunday,Low
5553957443,1/04/2016,12409,8.10,8.10,0.00,2.90,0.63,4.58,0.00,51,12,235,782,2142,Monday,High
5553957443,2/04/2016,2937,1.92,1.92,0.00,0.00,0.00,1.91,0.00,0,0,181,356,1615,Thursday,Low
5553957443,3/04/2016,1515,0.99,0.99,0.00,0.00,0.00,0.99,0.00,0,0,93,507,1481,Friday,Low
5553957443,4/04/2016,8921,5.88,5.88,0.00,2.07,0.44,3.36,0.00,27,8,198,754,1892,Monday,Moderate
5553957443,5/04/2016,11306,7.38,7.38,0.00,2.31,0.98,4.09,0.00,40,26,218,772,2086,Wednesday,High
5553957443,6/04/2016,12252,8.00,8.00,0.00,2.41,1.70,3.89,0.00,33,28,229,745,2044,Saturday,High
5553957443,7/04/2016,15444,10.08,10.08,0.00,3.27,1.73,5.08,0.00,51,39,243,731,2249,Monday,High
5553957443,8/04/2016,9938,6.49,6.49,0.00,2.14,1.28,3.08,0.00,38,24,193,767,2019,Thursday,Moderate
5553957443,9/04/2016,4599,3.00,3.00,0.00,0.00,0.00,3.00,0.00,0,0,176,578,1692,Sunday,Low
5553957443,10/04/2016,5594,3.65,3.65,0.00,0.28,1.48,1.89,0.00,4,25,150,552,1712,Tuesday,Moderate
5553957443,11/04/2016,11906,7.77,7.77,0.00,2.26,1.52,3.99,0.00,32,27,234,688,2065,Friday,High
5553957443,12/04/2016,3436,2.24,2.24,0.00,0.50,0.67,1.05,0.00,7,11,50,61,633,Sunday,Low
5577150313,1/04/2016,10461,7.87,7.87,0.00,4.76,0.85,2.25,0.00,99,31,142,721,3625,Monday,High
5577150313,2/04/2016,14873,11.11,11.11,0.00,8.19,0.60,2.31,0.00,202,36,153,663,4430,Thursday,High
5577150313,3/04/2016,9917,7.41,7.41,0.00,1.99,0.97,4.44,0.00,58,27,240,700,3427,Friday,Moderate
5577150313,4/04/2016,7401,5.56,5.56,0.00,2.32,0.36,2.88,0.00,70,19,204,689,3492,Monday,Moderate
5577150313,5/04/2016,8964,6.70,6.70,0.00,3.97,0.19,2.53,0.00,107,18,145,756,3597,Wednesday,Moderate
5577150313,6/04/2016,11080,8.30,8.30,0.00,3.13,1.37,3.81,0.00,83,52,190,695,3765,Saturday,High
5577150313,7/04/2016,4499,3.36,3.36,0.00,0.89,0.26,2.21,0.00,31,11,146,756,2775,Monday,Low
5577150313,8/04/2016,4363,3.26,3.26,0.00,0.13,0.06,3.08,0.00,8,2,156,813,2486,Thursday,Low
5577150313,9/04/2016,10494,7.84,7.84,0.00,4.91,0.78,2.15,0.00,123,62,138,601,3817,Sunday,High
5577150313,10/04/2016,9776,7.38,7.38,0.00,2.93,1.43,3.02,0.00,80,35,162,721,3378,Tuesday,Moderate
5577150313,11/04/2016,2862,2.14,2.14,0.00,1.04,0.25,0.84,0.00,39,17,54,209,1511,Friday,Low
6117666160,1/04/2016,7444,5.62,5.62,0.00,0.00,0.00,5.62,0.00,0,0,286,568,2210,Monday,Moderate
6117666160,2/04/2016,19658,14.84,14.84,0.00,0.24,2.09,12.51,0.00,3,30,475,466,2884,Thursday,High
6117666160,3/04/2016,0,0.00,0.00,0.00,0.00,0.00,0.00,0.00,0,0,0,1440,1496,Friday,Low
6117666160,4/04/2016,8468,6.39,6.39,0.00,0.18,0.64,5.57,0.00,2,11,279,1148,2262,Monday,Moderate
6117666160,5/04/2016,9910,7.48,7.48,0.00,0.00,0.00,7.48,0.00,0,0,384,990,2445,Wednesday,Moderate
6117666160,6/04/2016,12409,9.37,9.37,0.00,0.00,0.00,9.37,0.00,0,0,491,388,2694,Saturday,High
6117666160,7/04/2016,4853,3.66,3.66,0.00,0.00,0.00,3.66,0.00,0,0,156,770,1903,Monday,Low
6117666160,8/04/2016,8955,6.76,6.76,0.00,0.00,0.00,6.73,0.00,0,0,422,1018,2482,Thursday,Moderate
6117666160,9/04/2016,10789,8.15,8.15,0.00,0.00,0.00,8.15,0.00,0,0,506,413,2617,Sunday,High
6117666160,10/04/2016,0,0.00,0.00,0.00,0.00,0.00,0.00,0.00,0,0,0,1440,0,Tuesday,Low
6290855005,1/04/2016,6633,5.01,5.01,0.00,0.00,0.00,5.01,0.00,0,0,280,1160,2778,Monday,Moderate
6290855005,2/04/2016,9548,7.22,7.22,0.00,2.02,3.68,1.52,0.00,25,107,113,1195,3119,Thursday,Moderate
6290855005,3/04/2016,0,0.00,0.00,0.00,0.00,0.00,0.00,0.00,33,0,0,1407,2664,Friday,Low
6290855005,4/04/2016,0,0.00,0.00,0.00,0.00,0.00,0.00,0.00,0,0,0,1440,2060,Monday,Low
6290855005,5/04/2016,0,0.00,0.00,0.00,0.00,0.00,0.00,0.00,0,0,0,1440,2060,Wednesday,Low
6290855005,6/04/2016,0,0.00,0.00,0.00,0.00,0.00,0.00,0.00,0,0,0,1440,2060,Saturday,Low
6290855005,7/04/2016,0,0.00,0.00,0.00,0.00,0.00,0.00,0.00,0,0,0,1440,2060,Monday,Low
6290855005,8/04/2016,0,0.00,0.00,0.00,0.00,0.00,0.00,0.00,0,0,0,1440,2060,Thursday,Low
6290855005,9/04/2016,0,0.00,0.00,0.00,0.00,0.00,0.00,0.00,0,0,0,1440,2060,Sunday,Low
6290855005,10/04/2016,0,0.00,0.00,0.00,0.00,0.00,0.00,0.00,20,0,0,494,735,Tuesday,Low
6391747486,1/04/2016,0,0.00,0.00,0.00,0.00,0.00,0.00,0.00,0,0,0,1440,1820,Monday,Low
6391747486,2/04/2016,2101,2.03,0.00,2.03,2.03,0.00,0.00,0.00,46,0,0,1394,2224,Thursday,Low
6391747486,3/04/2016,0,0.00,0.00,0.00,0.00,0.00,0.00,0.00,0,0,0,1440,1820,Friday,Low
6391747486,4/04/2016,0,0.00,0.00,0.00,0.00,0.00,0.00,0.00,0,0,0,1440,1820,Monday,Low
6391747486,5/04/2016,9766,7.51,0.78,6.73,0.00,0.05,7.46,0.00,0,6,301,1133,2442,Wednesday,Moderate
6391747486,6/04/2016,165,0.13,0.13,0.00,0.00,0.00,0.13,0.00,0,0,8,1432,1849,Saturday,Low
6391747486,7/04/2016,0,0.00,0.00,0.00,0.00,0.00,0.00,0.00,0,0,0,1440,1822,Monday,Low
6391747486,8/04/2016,0,0.00,0.00,0.00,0.00,0.00,0.00,0.00,0,0,0,1440,1820,Thursday,Low
6391747486,9/04/2016,0,0.00,0.00,0.00,0.00,0.00,0.00,0.00,0,0,0,198,251,Sunday,Low
6775888955,1/04/2016,7225,5.18,5.18,0.00,1.73,1.27,2.18,0.00,25,50,163,1189,3065,Monday,Moderate
6775888955,2/04/2016,1988,1.43,1.43,0.00,0.00,0.00,1.43,0.00,0,0,79,909,2207,Thursday,Low
6775888955,3/04/2016,1577,1.13,1.13,0.00,0.07,0.89,0.17,0.00,1,17,8,1414,1977,Friday,Low
6775888955,4/04/2016,0,0.00,0.00,0.00,0.00,0.00,0.00,0.00,0,0,0,1440,1841,Monday,Low
6775888955,5/04/2016,9348,6.70,6.70,0.00,1.13,2.04,3.14,0.00,56,133,240,1011,4286,Wednesday,Moderate
6775888955,6/04/2016,11761,8.43,8.43,0.00,1.31,2.44,4.68,0.00,24,99,300,550,3920,Saturday,High
6775888955,7/04/2016,13987,10.03,10.03,0.00,2.87,3.34,3.82,0.00,46,114,250,739,3856,Monday,High
6775888955,8/04/2016,4131,2.96,2.96,0.00,1.37,0.61,0.98,0.00,27,30,75,1308,2584,Thursday,Low
6775888955,9/04/2016,14,0.01,0.01,0.00,0.00,0.00,0.01,0.00,0,0,1,601,787,Sunday,Low
6962181067,3/30/2016,15491,10.24,10.24,0.00,1.29,4.49,4.46,0.00,18,77,272,641,2244,Wednesday,High
6962181067,3/31/2016,14097,9.32,9.32,0.00,3.50,1.92,3.90,0.00,50,32,234,595,2188,Thursday,High
6962181067,1/04/2016,10467,6.98,6.98,0.00,0.70,2.43,3.85,0.00,9,45,252,602,2014,Monday,High
6962181067,2/04/2016,12437,8.30,8.30,0.00,3.76,1.29,3.24,0.00,50,24,219,732,2115,Thursday,High
6962181067,3/04/2016,12307,8.14,8.14,0.00,1.01,3.26,3.87,0.00,14,51,218,589,2055,Friday,High
6962181067,4/04/2016,18952,12.80,12.80,0.00,5.91,1.23,5.66,0.00,73,20,327,570,2437,Monday,High
6962181067,5/04/2016,12010,7.94,7.94,0.00,2.38,0.95,4.61,0.00,38,17,287,692,2158,Wednesday,High
6962181067,6/04/2016,12480,8.86,8.25,3.97,4.18,0.69,4.00,0.00,55,14,276,593,2170,Saturday,High
6962181067,7/04/2016,13417,9.65,8.87,1.93,3.39,1.25,4.91,0.10,45,16,284,665,2244,Monday,High
6962181067,8/04/2016,14400,10.88,9.52,5.46,2.47,2.88,5.53,0.00,27,37,276,697,2188,Thursday,High
6962181067,9/04/2016,12495,8.26,8.26,0.00,2.21,1.09,4.96,0.00,33,19,324,609,2231,Sunday,High
6962181067,10/04/2016,10148,6.71,6.71,0.00,1.36,0.22,5.13,0.00,19,7,306,679,2100,Tuesday,High
6962181067,11/04/2016,12362,9.09,8.17,2.70,1.09,2.73,5.27,0.00,21,38,297,678,2188,Friday,High
6962181067,12/04/2016,5893,3.90,3.90,0.00,2.88,0.56,0.46,0.00,43,9,48,146,917,Sunday,Moderate
7007744171,1/04/2016,11680,9.06,7.81,4.90,4.49,0.33,4.24,0.00,50,7,244,1139,2573,Monday,High
7007744171,2/04/2016,10976,7.34,7.34,0.00,0.55,0.67,6.13,0.00,9,16,271,1075,2575,Thursday,High
7007744171,3/04/2016,16806,11.24,11.24,0.00,6.41,1.37,3.47,0.00,104,31,230,1002,3086,Friday,High
7007744171,4/04/2016,15266,11.40,10.21,5.19,5.80,0.76,4.79,0.05,70,21,292,1057,2886,Monday,High
7007744171,5/04/2016,12084,9.14,8.08,4.84,4.39,0.46,4.29,0.00,50,6,284,1030,2676,Wednesday,High
7007744171,6/04/2016,13513,10.25,9.07,4.84,5.35,0.33,4.56,0.00,64,8,270,1098,2811,Saturday,High
7007744171,7/04/2016,14100,10.58,9.43,4.88,5.10,1.19,4.28,0.00,61,33,265,1015,2840,Monday,High
7007744171,8/04/2016,12627,9.65,8.45,4.84,4.70,0.74,4.21,0.00,54,22,301,1063,2871,Thursday,High
7007744171,9/04/2016,10345,6.92,6.92,0.00,0.07,0.27,6.58,0.00,2,6,358,1074,2613,Sunday,High
7007744171,10/04/2016,10146,6.79,6.79,0.00,0.07,0.61,6.11,0.00,1,12,397,1030,2700,Tuesday,High
7007744171,11/04/2016,12168,8.14,8.14,0.00,1.05,0.79,6.29,0.00,18,27,375,1020,2871,Friday,High
7007744171,12/04/2016,7413,5.77,4.96,4.87,4.50,0.34,0.94,0.00,53,6,43,405,1023,Sunday,Moderate
7086361926,1/04/2016,11463,7.67,7.67,0.00,2.83,1.89,2.93,0.00,38,30,154,777,2496,Monday,High
7086361926,2/04/2016,87,0.02,0.02,0.00,0.00,0.00,0.01,0.00,0,0,2,872,1641,Thursday,Low
7086361926,3/04/2016,1949,1.31,1.31,0.00,0.23,0.35,0.73,0.00,3,6,27,1404,1794,Friday,Low
7086361926,4/04/2016,6101,3.87,3.87,0.00,0.53,0.23,3.10,0.00,31,24,138,1247,2421,Monday,Moderate
7086361926,5/04/2016,7478,4.99,4.99,0.00,1.80,0.53,2.61,0.03,25,33,132,1159,2439,Wednesday,Moderate
7086361926,6/04/2016,7352,4.73,4.73,0.00,1.41,0.78,2.53,0.00,19,14,124,814,2233,Saturday,Moderate
7086361926,7/04/2016,14604,10.82,10.82,0.00,7.23,1.12,2.43,0.03,76,30,127,695,2862,Monday,High
7086361926,8/04/2016,9634,6.52,6.52,0.00,2.50,1.40,2.59,0.00,50,48,140,797,2752,Thursday,Moderate
7086361926,9/04/2016,7338,4.67,4.67,0.00,1.08,0.13,3.46,0.00,27,5,204,717,2519,Sunday,Moderate
7086361926,10/04/2016,569,0.35,0.35,0.00,0.00,0.00,0.34,0.00,0,0,27,1368,1799,Tuesday,Low
7086361926,11/04/2016,6242,3.92,3.92,0.00,0.74,0.23,2.93,0.00,46,22,126,741,2543,Friday,Moderate
7086361926,12/04/2016,430,0.26,0.26,0.00,0.00,0.00,0.26,0.00,0,0,14,75,625,Sunday,Low
8053475328,2/04/2016,20188,15.62,15.62,0.00,12.06,0.85,2.71,0.00,124,19,172,1125,3377,Thursday,High
8053475328,3/04/2016,25701,20.14,20.14,0.00,16.82,1.63,1.69,0.00,165,36,97,1142,3697,Friday,High
8053475328,4/04/2016,17395,13.21,13.21,0.00,9.67,0.18,3.35,0.00,100,4,213,1123,3209,Monday,High
8053475328,5/04/2016,17167,13.41,13.41,0.00,9.96,0.31,3.14,0.00,98,8,184,1150,3167,Wednesday,High
8053475328,6/04/2016,16435,12.42,12.42,0.00,8.96,0.55,2.91,0.00,100,14,191,1135,3122,Saturday,High
8053475328,7/04/2016,17078,13.20,13.20,0.00,9.97,0.24,2.99,0.00,101,6,190,1143,3176,Monday,High
8053475328,8/04/2016,11693,9.54,9.54,0.00,6.77,0.26,2.50,0.00,60,6,153,1221,2790,Thursday,High
8053475328,9/04/2016,11159,9.14,9.14,0.00,6.69,0.25,2.19,0.00,59,6,120,1255,2715,Sunday,High
8053475328,10/04/2016,10118,7.73,7.73,0.00,3.05,0.80,3.88,0.00,30,18,207,1185,2684,Tuesday,High
8053475328,11/04/2016,16064,12.72,12.72,0.00,9.98,0.36,2.38,0.00,96,8,155,1181,3097,Friday,High
8053475328,12/04/2016,290,0.21,0.21,0.00,0.00,0.00,0.21,0.00,0,0,16,599,791,Sunday,Low
8253242879,1/04/2016,0,0.00,0.00,0.00,0.00,0.00,0.00,0.00,0,0,0,1440,1429,Monday,Low
8253242879,2/04/2016,0,0.00,0.00,0.00,0.00,0.00,0.00,0.00,0,0,0,1440,1429,Thursday,Low
8253242879,3/04/2016,0,0.00,0.00,0.00,0.00,0.00,0.00,0.00,0,0,0,1440,1429,Friday,Low
8253242879,4/04/2016,0,0.00,0.00,0.00,0.00,0.00,0.00,0.00,0,0,0,1440,1429,Monday,Low
8253242879,5/04/2016,0,0.00,0.00,0.00,0.00,0.00,0.00,0.00,0,0,0,1440,1429,Wednesday,Low
8253242879,6/04/2016,1931,1.28,1.28,0.00,0.00,0.00,1.28,0.00,0,0,94,1346,1607,Saturday,Low
8253242879,7/04/2016,5181,3.42,3.42,0.00,1.00,0.91,1.51,0.01,15,15,107,1303,1776,Monday,Moderate
8253242879,8/04/2016,12026,9.15,9.15,0.00,5.70,0.93,2.51,0.00,47,13,150,1230,2162,Thursday,High
8253242879,9/04/2016,5360,3.54,3.54,0.00,0.54,1.55,1.46,0.00,8,28,148,1256,1832,Sunday,Moderate
8253242879,10/04/2016,2545,1.68,1.68,0.00,0.00,0.00,1.67,0.02,0,0,126,1314,1657,Tuesday,Low
8253242879,11/04/2016,1636,1.08,1.08,0.00,0.00,0.00,1.08,0.00,0,0,86,1139,1377,Friday,Low
8253242879,12/04/2016,0,0.00,0.00,0.00,0.00,0.00,0.00,0.00,0,0,0,1440,0,Sunday,Low
8378563200,1/04/2016,14179,11.24,11.24,0.00,6.23,1.06,3.96,0.00,73,21,195,719,3669,Monday,High
8378563200,2/04/2016,3358,2.66,2.66,0.00,0.00,0.00,2.66,0.00,0,0,144,657,2702,Thursday,Low
8378563200,3/04/2016,9152,7.26,7.26,0.00,1.99,0.82,4.45,0.00,25,13,243,600,3304,Friday,Moderate
8378563200,4/04/2016,13935,11.05,11.05,2.09,4.09,0.79,6.17,0.00,105,16,220,658,4234,Monday,High
8378563200,5/04/2016,12846,10.19,10.19,2.25,5.00,0.75,4.44,0.00,113,15,189,686,4128,Wednesday,High
8378563200,6/04/2016,9124,7.24,7.24,2.09,0.00,0.25,6.99,0.00,55,6,230,728,3798,Saturday,Moderate
8378563200,7/04/2016,9725,7.71,7.71,2.25,2.41,0.53,4.77,0.00,83,11,181,670,3839,Monday,Moderate
8378563200,8/04/2016,8350,6.62,6.62,2.09,1.49,0.53,4.61,0.00,72,10,167,868,3713,Thursday,Moderate
8378563200,9/04/2016,2240,1.78,1.78,0.00,0.00,0.00,1.78,0.00,0,0,110,843,2606,Sunday,Low
8378563200,10/04/2016,2631,2.09,2.09,0.00,0.00,0.00,2.09,0.00,0,0,117,727,2624,Tuesday,Low
8378563200,11/04/2016,8837,7.01,7.01,2.09,1.54,0.88,4.59,0.00,74,17,182,811,3775,Friday,Moderate
8378563200,12/04/2016,3246,2.57,2.57,2.25,0.83,0.71,1.03,0.00,65,15,49,243,1882,Sunday,Low
8583815059,1/04/2016,2174,1.70,1.70,0.00,0.00,0.00,1.70,0.00,0,0,112,1328,2360,Monday,Low
8583815059,2/04/2016,3494,2.73,2.73,0.00,0.00,0.00,2.69,0.00,0,0,166,1274,2517,Thursday,Low
8583815059,3/04/2016,2380,1.86,1.86,0.00,0.00,0.00,1.86,0.00,0,0,131,1309,2400,Friday,Low
8583815059,4/04/2016,3159,2.46,2.46,0.00,0.00,0.00,2.46,0.00,0,0,147,1293,2462,Monday,Low
8583815059,5/04/2016,6835,5.33,5.33,0.00,0.37,0.73,4.24,0.00,5,15,212,1208,2786,Wednesday,Moderate
8583815059,6/04/2016,2098,1.64,1.64,0.00,0.00,0.00,1.63,0.00,0,0,112,1328,2354,Saturday,Low
8583815059,7/04/2016,2816,2.20,2.20,0.00,0.00,0.00,2.20,0.00,0,0,138,1302,2437,Monday,Low
8583815059,8/04/2016,1408,1.10,1.10,0.00,0.00,0.00,1.10,0.00,0,0,79,1052,1814,Thursday,Low
8792009665,1/04/2016,4592,2.94,2.94,0.00,0.10,0.14,2.70,0.00,4,8,176,748,2260,Monday,Low
8792009665,2/04/2016,8452,5.41,5.41,0.00,0.26,0.39,4.76,0.00,9,24,328,1079,3004,Thursday,Moderate
8792009665,3/04/2016,7238,4.63,4.63,0.00,0.11,0.23,4.29,0.00,2,6,279,636,2667,Friday,Moderate
8792009665,4/04/2016,3821,2.45,2.45,0.00,0.00,0.22,2.23,0.00,0,9,161,675,2229,Monday,Low
8792009665,5/04/2016,2332,1.49,1.49,0.00,0.01,0.18,1.30,0.00,1,10,111,904,2100,Wednesday,Low
8792009665,6/04/2016,2121,1.36,1.36,0.00,0.00,0.00,1.36,0.00,0,0,122,855,2114,Saturday,Low
8792009665,7/04/2016,1291,0.83,0.83,0.00,0.00,0.00,0.83,0.00,0,0,77,888,1961,Monday,Low
8792009665,8/04/2016,1467,0.94,0.94,0.00,0.10,0.21,0.63,0.00,2,8,71,912,1953,Thursday,Low
8792009665,9/04/2016,1022,0.65,0.65,0.00,0.00,0.00,0.65,0.00,0,0,63,739,1890,Sunday,Low
8792009665,10/04/2016,4605,2.95,2.95,0.00,0.00,0.00,2.95,0.00,0,0,179,1261,2253,Tuesday,Low
8792009665,11/04/2016,178,0.11,0.11,0.00,0.00,0.00,0.11,0.00,0,0,12,1428,1725,Friday,Low
8792009665,12/04/2016,20,0.01,0.01,0.00,0.00,0.00,0.01,0.00,0,0,6,598,728,Sunday,Low
8877689391,1/04/2016,18700,15.82,15.82,0.00,8.70,0.16,6.91,0.00,67,3,247,1123,3527,Monday,High
8877689391,2/04/2016,27572,23.39,23.39,0.00,14.72,1.21,7.34,0.01,116,24,260,1040,4220,Thursday,High
8877689391,3/04/2016,15260,8.19,8.19,0.00,1.80,0.75,5.57,0.00,106,17,259,1058,3864,Friday,High
8877689391,4/04/2016,20779,18.41,18.41,0.00,11.73,0.65,6.00,0.00,78,16,208,1138,3662,Monday,High
8877689391,5/04/2016,10695,8.12,8.12,0.00,0.77,0.18,7.09,0.01,10,3,246,1181,2834,Wednesday,High
8877689391,6/04/2016,24136,20.91,20.91,0.00,12.22,0.54,8.08,0.00,87,16,318,1019,4039,Saturday,High
8877689391,7/04/2016,10910,8.42,8.42,0.00,2.96,0.39,5.03,0.00,32,11,212,1185,2947,Monday,High
8877689391,8/04/2016,23014,20.39,20.39,0.00,11.10,0.63,8.62,0.00,70,29,359,982,4196,Thursday,High
8877689391,9/04/2016,16470,8.07,8.07,0.00,0.00,0.02,8.02,0.00,90,9,289,1052,3841,Sunday,High
8877689391,10/04/2016,28497,27.53,27.53,0.00,21.92,1.12,4.46,0.00,128,46,211,1055,4526,Tuesday,High
8877689391,11/04/2016,10622,8.06,8.06,0.00,1.47,0.15,6.37,0.01,18,7,225,1190,2820,Friday,High
8877689391,12/04/2016,2350,1.78,1.78,0.00,0.00,0.00,1.78,0.00,0,0,58,531,938,Sunday,Low
